{
    "blend": {
        "func": "add",
        "srcrgb": "srcalpha",
        "dstrgb": "1-srcalpha"
    },
    "vertex": "particles",
    "fragment": "particles",
    "attributes": [
        "Position",
        "Color",
        "UV0",
        "UV1",
        "UV2",
        "Normal"
    ],
    "uniforms": [
        { "name": "iris_TextureMat", "type": "matrix4x4", "count": 16, "values": [ 1.0, 0.0, 0.0, 0.0, 0.0, 1.0, 0.0, 0.0, 0.0, 0.0, 1.0, 0.0, 0.0, 0.0, 0.0, 1.0 ] },
        { "name": "iris_ModelViewMat", "type": "matrix4x4", "count": 16, "values": [ 1.0, 0.0, 0.0, 0.0, 0.0, 1.0, 0.0, 0.0, 0.0, 0.0, 1.0, 0.0, 0.0, 0.0, 0.0, 1.0 ] },
        { "name": "iris_ModelViewMatInverse", "type": "matrix4x4", "count": 16, "values": [ 1.0, 0.0, 0.0, 0.0, 0.0, 1.0, 0.0, 0.0, 0.0, 0.0, 1.0, 0.0, 0.0, 0.0, 0.0, 1.0 ] },
        { "name": "iris_ProjMat", "type": "matrix4x4", "count": 16, "values": [ 1.0, 0.0, 0.0, 0.0, 0.0, 1.0, 0.0, 0.0, 0.0, 0.0, 1.0, 0.0, 0.0, 0.0, 0.0, 1.0 ] },
        { "name": "iris_ProjMatInverse", "type": "matrix4x4", "count": 16, "values": [ 1.0, 0.0, 0.0, 0.0, 0.0, 1.0, 0.0, 0.0, 0.0, 0.0, 1.0, 0.0, 0.0, 0.0, 0.0, 1.0 ] },
        { "name": "iris_NormalMat", "type": "matrix3x3", "count": 9, "values": [ 1.0, 0.0, 0.0, 0.0, 0.0, 1.0, 0.0, 0.0, 0.0 ] },
        { "name": "iris_ChunkOffset", "type": "float", "count": 3, "values": [ 0.0, 0.0, 0.0 ] },
        { "name": "iris_ColorModulator", "type": "float", "count": 4, "values": [ 1.0, 1.0, 1.0, 1.0 ] },
        { "name": "iris_FogStart", "type": "float", "count": 1, "values": [ 0.0 ] },
        { "name": "iris_FogEnd", "type": "float", "count": 1, "values": [ 1.0 ] },
        { "name": "iris_FogColor", "type": "float", "count": 4, "values": [ 0.0, 0.0, 0.0, 0.0 ] }
    ]
}