{
	"schemaVersion": 1,
	"id": "almaziosupplementaries",
	"version": "0.1",
	"name": "AlmazioSupplementaries",
	"description": "Almazoioio's Supplementaries for quality of life...",
	"authors": [
		"Almazoioio"
	],
	"contact": {
		"homepage": "https://fabricmc.net/",
		"sources": "https://github.com/FabricMC/fabric-example-mod"
	},
	"license": "None",
	"icon": "assets/almaziosupplementaries/icon.png",
	"environment": "*",
	"entrypoints": {
		"main": [
			"net.almazoioio.supplementaries.AlmazioMod"
		],
		"client" : [
			"net.almazoioio.supplementaries.AlmazioModClient"
		],
		"fabric-datagen": [
			"net.almazoioio.supplementaries.AlmazioModDataGenerator"
		]
	},
	"mixins": [
		"almaziosupplementaries.mixins.json"
	],
	"depends": {
		"fabricloader": ">=0.14.17",
		"minecraft": "~1.19.3",
		"java": ">=17",
		"fabric-api": "*"
	},
	"suggests": {
		"another-mod": "*"
	}
}